active,nickname,cityid,cityname,template,sendtime
1,"百旅会 秦皇岛 A01班",145,秦皇岛,"明天天气 %(maininfo)s 温度 %(temperature)s,忙碌的生活需要温暖的港湾，专属客服提醒您关注天气变化。天热防中暑、天凉要添衣。健康快乐随行、祝您美好不停，晚安",20:30
1,"【内部】续费Fighting",226,苏州,"明天苏州天气 %(maininfo)s 温度 %(temperature)s,各位小仙女，大家晚安",20:30
1,"qq",226,苏州,"明天天气 %(maininfo)s 温度 %(temperature)s,最近天气闷热,叔叔阿姨们注意防暑降温哦,大家晚安 ",20:30
0,"高端客服🎀Happy群",321,上海,"明天天气 %(maininfo)s 温度 %(temperature)s,大家晚安",20:30
1,"百旅会云南B01班🌙",373,昆明,"明天天气 %(maininfo)s 温度 %(temperature)s,叔叔阿姨们晚上好，最近天气闷热，叔叔阿姨们注意防暑降温哦，大家晚安",20:30
0,"百旅会南京A09班",224,南京,"明天天气 %(maininfo)s 温度 %(temperature)s,叔叔阿姨们晚上好，最近天气闷热，叔叔阿姨们注意防暑降温哦，大家晚安",20:30
1,"百旅会南京A20班",224,南京,"明天天气 %(maininfo)s 温度 %(temperature)s,叔叔阿姨们晚上好，最近天气闷热，叔叔阿姨们注意防暑降温哦，大家晚安",20:30
1,"百旅会南京A21班",224,南京,"明天天气 %(maininfo)s 温度 %(temperature)s,叔叔阿姨们晚上好，最近天气闷热，叔叔阿姨们注意防暑降温哦，大家晚安",20:30
1,"百旅会南京A22班",224,南京,"明天天气 %(maininfo)s 温度 %(temperature)s,叔叔阿姨们晚上好，最近天气闷热，叔叔阿姨们注意防暑降温哦，大家晚安",20:30
1,"百旅会南京A23班",224,南京,"明天天气 %(maininfo)s 温度 %(temperature)s,叔叔阿姨们晚上好，最近天气闷热，叔叔阿姨们注意防暑降温哦，大家晚安",20:30
1,"百旅会南京A25班",224,南京,"明天天气 %(maininfo)s 温度 %(temperature)s,叔叔阿姨们晚上好，最近天气闷热，叔叔阿姨们注意防暑降温哦，大家晚安",20:30
1,"百旅会南京A26班",224,南京,"明天天气 %(maininfo)s 温度 %(temperature)s,叔叔阿姨们晚上好，最近天气闷热，叔叔阿姨们注意防暑降温哦，大家晚安",20:30
1,"百旅会南京A27班",224,南京,"明天天气 %(maininfo)s 温度 %(temperature)s,叔叔阿姨们晚上好，最近天气闷热，叔叔阿姨们注意防暑降温哦，大家晚安",20:30
1,"百旅会南京A56班",224,南京,"明天天气 %(maininfo)s 温度 %(temperature)s,叔叔阿姨们晚上好，最近天气闷热，叔叔阿姨们注意防暑降温哦，大家晚安",20:30
1,"百旅会南京A01班",224,南京,"明天天气 %(maininfo)s 温度 %(temperature)s,叔叔阿姨们晚上好，最近天气闷热，叔叔阿姨们注意防暑降温哦，大家晚安",20:30
1,"百旅会南京A02班",224,南京,"明天天气 %(maininfo)s 温度 %(temperature)s,叔叔阿姨们晚上好，最近天气闷热，叔叔阿姨们注意防暑降温哦，大家晚安",20:30
1,"百旅会南京A03班",224,南京,"明天天气 %(maininfo)s 温度 %(temperature)s,叔叔阿姨们晚上好，最近天气闷热，叔叔阿姨们注意防暑降温哦，大家晚安",20:30
1,"百旅会南京A11班",224,南京,"明天天气 %(maininfo)s 温度 %(temperature)s,叔叔阿姨们晚上好，最近天气闷热，叔叔阿姨们注意防暑降温哦，大家晚安",20:30
1,"百旅会南京A12班",224,南京,"明天天气 %(maininfo)s 温度 %(temperature)s,叔叔阿姨们晚上好，最近天气闷热，叔叔阿姨们注意防暑降温哦，大家晚安",20:30
1,"百旅会南京A13班",224,南京,"明天天气 %(maininfo)s 温度 %(temperature)s,叔叔阿姨们晚上好，最近天气闷热，叔叔阿姨们注意防暑降温哦，大家晚安",20:30
1,"百旅会南京A15班",224,南京,"明天天气 %(maininfo)s 温度 %(temperature)s,叔叔阿姨们晚上好，最近天气闷热，叔叔阿姨们注意防暑降温哦，大家晚安",20:30
1,"百旅会南京A16班",224,南京,"明天天气 %(maininfo)s 温度 %(temperature)s,叔叔阿姨们晚上好，最近天气闷热，叔叔阿姨们注意防暑降温哦，大家晚安",20:30
1,"百旅会南京A17班",224,南京,"明天天气 %(maininfo)s 温度 %(temperature)s,叔叔阿姨们晚上好，最近天气闷热，叔叔阿姨们注意防暑降温哦，大家晚安",20:30
1,"百旅会南京A18班",224,南京,"明天天气 %(maininfo)s 温度 %(temperature)s,叔叔阿姨们晚上好，最近天气闷热，叔叔阿姨们注意防暑降温哦，大家晚安",20:30
1,"百旅会南京A19班",224,南京,"明天天气 %(maininfo)s 温度 %(temperature)s,叔叔阿姨们晚上好，最近天气闷热，叔叔阿姨们注意防暑降温哦，大家晚安",20:30
1,"百旅会南京A55班",224,南京,"明天天气 %(maininfo)s 温度 %(temperature)s,叔叔阿姨们晚上好，最近天气闷热，叔叔阿姨们注意防暑降温哦，大家晚安",20:30
1,"百旅会南京A28班",224,南京,"明天天气 %(maininfo)s 温度 %(temperature)s,叔叔阿姨们晚上好，最近天气闷热，叔叔阿姨们注意防暑降温哦，大家晚安",20:30
1,"百旅会南京秦虹A07班",224,南京,"明天天气 %(maininfo)s 温度 %(temperature)s,叔叔阿姨们晚上好，最近天气闷热，叔叔阿姨们注意防暑降温哦，大家晚安",20:30
1,"百旅会南京江宁A30班",224,南京,"明天天气 %(maininfo)s 温度 %(temperature)s,叔叔阿姨们晚上好，最近天气闷热，叔叔阿姨们注意防暑降温哦，大家晚安",20:30
1,"百旅会南京城南A31班",224,南京,"明天天气 %(maininfo)s 温度 %(temperature)s,叔叔阿姨们晚上好，最近天气闷热，叔叔阿姨们注意防暑降温哦，大家晚安",20:30
1,"百旅会南京城南A32班",224,南京,"明天天气 %(maininfo)s 温度 %(temperature)s,叔叔阿姨们晚上好，最近天气闷热，叔叔阿姨们注意防暑降温哦，大家晚安",20:30
1,"百旅会南京城北A33班",224,南京,"明天天气 %(maininfo)s 温度 %(temperature)s,叔叔阿姨们晚上好，最近天气闷热，叔叔阿姨们注意防暑降温哦，大家晚安",20:30
1,"百旅会南京城北A34班",224,南京,"明天天气 %(maininfo)s 温度 %(temperature)s,叔叔阿姨们晚上好，最近天气闷热，叔叔阿姨们注意防暑降温哦，大家晚安",20:30
1,"百旅会南京城北A35班",224,南京,"明天天气 %(maininfo)s 温度 %(temperature)s,叔叔阿姨们晚上好，最近天气闷热，叔叔阿姨们注意防暑降温哦，大家晚安",20:30
1,"百旅会南京城北A36班",224,南京,"明天天气 %(maininfo)s 温度 %(temperature)s,叔叔阿姨们晚上好，最近天气闷热，叔叔阿姨们注意防暑降温哦，大家晚安",20:30
1,"百旅会南京大厂A08班",224,南京,"明天天气 %(maininfo)s 温度 %(temperature)s,叔叔阿姨们晚上好，最近天气闷热，叔叔阿姨们注意防暑降温哦，大家晚安",20:30
1,"百旅会南京A37班",224,南京,"明天天气 %(maininfo)s 温度 %(temperature)s,叔叔阿姨们晚上好，最近天气闷热，叔叔阿姨们注意防暑降温哦，大家晚安",20:30
1,"百旅会南京A38班",224,南京,"明天天气 %(maininfo)s 温度 %(temperature)s,叔叔阿姨们晚上好，最近天气闷热，叔叔阿姨们注意防暑降温哦，大家晚安",20:30
1,"百旅会南京A39班",224,南京,"明天天气 %(maininfo)s 温度 %(temperature)s,叔叔阿姨们晚上好，最近天气闷热，叔叔阿姨们注意防暑降温哦，大家晚安",20:30
1,"百旅会南京A20班",224,南京,"明天天气 %(maininfo)s 温度 %(temperature)s,叔叔阿姨们晚上好，最近天气闷热，叔叔阿姨们注意防暑降温哦，大家晚安",20:30
1,"湖州百旅会A1班",384,湖州,"明天天气 %(maininfo)s 温度 %(temperature)s,叔叔阿姨们晚上好，最近天气闷热，叔叔阿姨们注意防暑降温哦，大家晚安",20:30
1,"湖州百旅会A2班",384,湖州,"明天天气 %(maininfo)s 温度 %(temperature)s,叔叔阿姨们晚上好，最近天气闷热，叔叔阿姨们注意防暑降温哦，大家晚安",20:30
1,"湖州百旅会A3班",384,湖州,"明天天气 %(maininfo)s 温度 %(temperature)s,叔叔阿姨们晚上好，最近天气闷热，叔叔阿姨们注意防暑降温哦，大家晚安",20:30
1,"湖州百旅会A4班",384,湖州,"明天天气 %(maininfo)s 温度 %(temperature)s,叔叔阿姨们晚上好，最近天气闷热，叔叔阿姨们注意防暑降温哦，大家晚安",20:30
1,"湖州德清百旅会A1班",384,湖州,"明天天气 %(maininfo)s 温度 %(temperature)s,叔叔阿姨们晚上好，最近天气闷热，叔叔阿姨们注意防暑降温哦，大家晚安",20:30
1,"湖州苕溪西路A1班",384,湖州,"明天天气 %(maininfo)s 温度 %(temperature)s,叔叔阿姨们晚上好，最近天气闷热，叔叔阿姨们注意防暑降温哦，大家晚安",20:30
1,"湖州苕溪西路A2班",384,湖州,"明天天气 %(maininfo)s 温度 %(temperature)s,叔叔阿姨们晚上好，最近天气闷热，叔叔阿姨们注意防暑降温哦，大家晚安",20:30
1,"湖州苕溪西路A3班",384,湖州,"明天天气 %(maininfo)s 温度 %(temperature)s,叔叔阿姨们晚上好，最近天气闷热，叔叔阿姨们注意防暑降温哦，大家晚安",20:30
1,"湖州长兴百旅会A1班",384,湖州,"明天天气 %(maininfo)s 温度 %(temperature)s,叔叔阿姨们晚上好，最近天气闷热，叔叔阿姨们注意防暑降温哦，大家晚安",20:30
1,"百旅会绍兴A2班",389,绍兴,"明天天气 %(maininfo)s 温度 %(temperature)s,叔叔阿姨们晚上好，最近天气闷热，叔叔阿姨们注意防暑降温哦，大家晚安",20:30
1,"百旅会绍兴A3班young",389,绍兴,"明天天气 %(maininfo)s 温度 %(temperature)s,叔叔阿姨们晚上好，最近天气闷热，叔叔阿姨们注意防暑降温哦，大家晚安",20:30
1,"百旅会绍兴A1班",389,绍兴,"明天天气 %(maininfo)s 温度 %(temperature)s,叔叔阿姨们晚上好，最近天气闷热，叔叔阿姨们注意防暑降温哦，大家晚安",20:30
1,"百旅会绍兴A4班同学",389,绍兴,"明天天气 %(maininfo)s 温度 %(temperature)s,叔叔阿姨们晚上好，最近天气闷热，叔叔阿姨们注意防暑降温哦，大家晚安",20:30
1,"百旅会绍兴A5班",389,绍兴,"明天天气 %(maininfo)s 温度 %(temperature)s,叔叔阿姨们晚上好，最近天气闷热，叔叔阿姨们注意防暑降温哦，大家晚安",20:30
1,"百旅会绍兴A6班",389,绍兴,"明天天气 %(maininfo)s 温度 %(temperature)s,叔叔阿姨们晚上好，最近天气闷热，叔叔阿姨们注意防暑降温哦，大家晚安",20:30
1,"百旅会绍兴A7班young",389,绍兴,"明天天气 %(maininfo)s 温度 %(temperature)s,叔叔阿姨们晚上好，最近天气闷热，叔叔阿姨们注意防暑降温哦，大家晚安",20:30
1,"绍兴中兴南路店百旅会A8",389,绍兴,"明天天气 %(maininfo)s 温度 %(temperature)s,叔叔阿姨们晚上好，最近天气闷热，叔叔阿姨们注意防暑降温哦，大家晚安",20:30
1,"绍兴诸暨A1班",389,绍兴,"明天天气 %(maininfo)s 温度 %(temperature)s,叔叔阿姨们晚上好，最近天气闷热，叔叔阿姨们注意防暑降温哦，大家晚安",20:30
1,"上虞百旅会专属群",389,绍兴,"明天天气 %(maininfo)s 温度 %(temperature)s,叔叔阿姨们晚上好，最近天气闷热，叔叔阿姨们注意防暑降温哦，大家晚安",20:30
1,"百旅会绍兴小谢A1班",389,绍兴,"明天天气 %(maininfo)s 温度 %(temperature)s,叔叔阿姨们晚上好，最近天气闷热，叔叔阿姨们注意防暑降温哦，大家晚安",20:30
1,"绍兴同程小黄",389,绍兴,"明天天气 %(maininfo)s 温度 %(temperature)s,叔叔阿姨们晚上好，最近天气闷热，叔叔阿姨们注意防暑降温哦，大家晚安",20:30
1,"浙江百旅会铂金&&白金B1班",383,杭州,"明天天气 %(maininfo)s 温度 %(temperature)s,叔叔阿姨们晚上好，最近天气闷热，叔叔阿姨们注意防暑降温哦，大家晚安",20:30
1,"百旅会衢州A1班",393,衢州,"明天天气 %(maininfo)s 温度 %(temperature)s,叔叔阿姨们晚上好，最近天气闷热，叔叔阿姨们注意防暑降温哦，大家晚安",20:30
1,"百旅会嘉兴A1班",385,嘉兴,"明天天气 %(maininfo)s 温度 %(temperature)s,叔叔阿姨们晚上好，最近天气闷热，叔叔阿姨们注意防暑降温哦，大家晚安",20:30
1,"百旅会嘉兴A2班",385,嘉兴,"明天天气 %(maininfo)s 温度 %(temperature)s,叔叔阿姨们晚上好，最近天气闷热，叔叔阿姨们注意防暑降温哦，大家晚安",20:30
1,"百旅会嘉兴平湖A1班",385,嘉兴,"明天天气 %(maininfo)s 温度 %(temperature)s,叔叔阿姨们晚上好，最近天气闷热，叔叔阿姨们注意防暑降温哦，大家晚安",20:30
1,"百旅会嘉兴海宁A1班",385,嘉兴,"明天天气 %(maininfo)s 温度 %(temperature)s,叔叔阿姨们晚上好，最近天气闷热，叔叔阿姨们注意防暑降温哦，大家晚安",20:30
1,"百旅会嘉兴桐乡A1班",385,嘉兴,"明天天气 %(maininfo)s 温度 %(temperature)s,叔叔阿姨们晚上好，最近天气闷热，叔叔阿姨们注意防暑降温哦，大家晚安",20:30
1,"百旅会金华A1班",386,金华,"明天天气 %(maininfo)s 温度 %(temperature)s,叔叔阿姨们晚上好，最近天气闷热，叔叔阿姨们注意防暑降温哦，大家晚安",20:30
1,"百旅会义乌A1班",386,金华,"明天天气 %(maininfo)s 温度 %(temperature)s,叔叔阿姨们晚上好，最近天气闷热，叔叔阿姨们注意防暑降温哦，大家晚安",20:30
1,"百旅会义乌A2班",386,金华,"明天天气 %(maininfo)s 温度 %(temperature)s,叔叔阿姨们晚上好，最近天气闷热，叔叔阿姨们注意防暑降温哦，大家晚安",20:30
1,"百旅会金华A2班",386,金华,"明天天气 %(maininfo)s 温度 %(temperature)s,叔叔阿姨们晚上好，最近天气闷热，叔叔阿姨们注意防暑降温哦，大家晚安",20:30
1,"百旅会金华A3班",386,金华,"明天天气 %(maininfo)s 温度 %(temperature)s,叔叔阿姨们晚上好，最近天气闷热，叔叔阿姨们注意防暑降温哦，大家晚安",20:30
1,"百旅会金华A4班",386,金华,"明天天气 %(maininfo)s 温度 %(temperature)s,叔叔阿姨们晚上好，最近天气闷热，叔叔阿姨们注意防暑降温哦，大家晚安",20:30
1,"百旅会金华A5班",386,金华,"明天天气 %(maininfo)s 温度 %(temperature)s,叔叔阿姨们晚上好，最近天气闷热，叔叔阿姨们注意防暑降温哦，大家晚安",20:30
1,"百旅会金华A6班",386,金华,"明天天气 %(maininfo)s 温度 %(temperature)s,叔叔阿姨们晚上好，最近天气闷热，叔叔阿姨们注意防暑降温哦，大家晚安",20:30
1,"百旅会下沙听涛路A1班",383,杭州,"明天天气 %(maininfo)s 温度 %(temperature)s,叔叔阿姨们晚上好，最近天气闷热，叔叔阿姨们注意防暑降温哦，大家晚安",20:30
1,"百旅会城东天虹A1班",383,杭州,"明天天气 %(maininfo)s 温度 %(temperature)s,叔叔阿姨们晚上好，最近天气闷热，叔叔阿姨们注意防暑降温哦，大家晚安",20:30
1,"百旅会滨江江晖路A1班",383,杭州,"明天天气 %(maininfo)s 温度 %(temperature)s,叔叔阿姨们晚上好，最近天气闷热，叔叔阿姨们注意防暑降温哦，大家晚安",20:30
1,"百旅会文二西路A1班",383,杭州,"明天天气 %(maininfo)s 温度 %(temperature)s,叔叔阿姨们晚上好，最近天气闷热，叔叔阿姨们注意防暑降温哦，大家晚安",20:30
1,"百旅会建国北路A3班",383,杭州,"明天天气 %(maininfo)s 温度 %(temperature)s,叔叔阿姨们晚上好，最近天气闷热，叔叔阿姨们注意防暑降温哦，大家晚安",20:30
1,"百旅会建德A1班",383,杭州,"明天天气 %(maininfo)s 温度 %(temperature)s,叔叔阿姨们晚上好，最近天气闷热，叔叔阿姨们注意防暑降温哦，大家晚安",20:30
1,"百旅会建国北路A1班",383,杭州,"明天天气 %(maininfo)s 温度 %(temperature)s,叔叔阿姨们晚上好，最近天气闷热，叔叔阿姨们注意防暑降温哦，大家晚安",20:30
1,"百旅会西湖A3班",383,杭州,"明天天气 %(maininfo)s 温度 %(temperature)s,叔叔阿姨们晚上好，最近天气闷热，叔叔阿姨们注意防暑降温哦，大家晚安",20:30
1,"拱墅区百旅会VIP大群Y~",383,杭州,"明天天气 %(maininfo)s 温度 %(temperature)s,叔叔阿姨们晚上好，最近天气闷热，叔叔阿姨们注意防暑降温哦，大家晚安",20:30
1,"百旅会野风现代中心A1班",383,杭州,"明天天气 %(maininfo)s 温度 %(temperature)s,叔叔阿姨们晚上好，最近天气闷热，叔叔阿姨们注意防暑降温哦，大家晚安",20:30
1,"百旅会湖墅南路A5班",383,杭州,"明天天气 %(maininfo)s 温度 %(temperature)s,叔叔阿姨们晚上好，最近天气闷热，叔叔阿姨们注意防暑降温哦，大家晚安",20:30
1,"百旅会下沙区A3班",383,杭州,"明天天气 %(maininfo)s 温度 %(temperature)s,叔叔阿姨们晚上好，最近天气闷热，叔叔阿姨们注意防暑降温哦，大家晚安",20:30
1,"百旅会建国北路A2班",383,杭州,"明天天气 %(maininfo)s 温度 %(temperature)s,叔叔阿姨们晚上好，最近天气闷热，叔叔阿姨们注意防暑降温哦，大家晚安",20:30
1,"百旅会江干区A2班",383,杭州,"明天天气 %(maininfo)s 温度 %(temperature)s,叔叔阿姨们晚上好，最近天气闷热，叔叔阿姨们注意防暑降温哦，大家晚安",20:30
1,"百旅会马市街A1班",383,杭州,"明天天气 %(maininfo)s 温度 %(temperature)s,叔叔阿姨们晚上好，最近天气闷热，叔叔阿姨们注意防暑降温哦，大家晚安",20:30
1,"百旅会滨江区A1班",383,杭州,"明天天气 %(maininfo)s 温度 %(temperature)s,叔叔阿姨们晚上好，最近天气闷热，叔叔阿姨们注意防暑降温哦，大家晚安",20:30
1,"百旅会野风现代中心A2班",383,杭州,"明天天气 %(maininfo)s 温度 %(temperature)s,叔叔阿姨们晚上好，最近天气闷热，叔叔阿姨们注意防暑降温哦，大家晚安",20:30
1,"百旅会城西银泰A1班",383,杭州,"明天天气 %(maininfo)s 温度 %(temperature)s,叔叔阿姨们晚上好，最近天气闷热，叔叔阿姨们注意防暑降温哦，大家晚安",20:30
1,"百旅会香积寺路A1班",383,杭州,"明天天气 %(maininfo)s 温度 %(temperature)s,叔叔阿姨们晚上好，最近天气闷热，叔叔阿姨们注意防暑降温哦，大家晚安",20:30
1,"百旅会湖墅南路A3班",383,杭州,"明天天气 %(maininfo)s 温度 %(temperature)s,叔叔阿姨们晚上好，最近天气闷热，叔叔阿姨们注意防暑降温哦，大家晚安",20:30
1,"百旅会江干区A1班",383,杭州,"明天天气 %(maininfo)s 温度 %(temperature)s,叔叔阿姨们晚上好，最近天气闷热，叔叔阿姨们注意防暑降温哦，大家晚安",20:30
1,"百旅会湖墅南路A2班",383,杭州,"明天天气 %(maininfo)s 温度 %(temperature)s,叔叔阿姨们晚上好，最近天气闷热，叔叔阿姨们注意防暑降温哦，大家晚安",20:30
1,"百旅会滨江区A2班",383,杭州,"明天天气 %(maininfo)s 温度 %(temperature)s,叔叔阿姨们晚上好，最近天气闷热，叔叔阿姨们注意防暑降温哦，大家晚安",20:30
1,"百旅会湖墅南路A1班",383,杭州,"明天天气 %(maininfo)s 温度 %(temperature)s,叔叔阿姨们晚上好，最近天气闷热，叔叔阿姨们注意防暑降温哦，大家晚安",20:30
1,"百旅会杭州A2班",383,杭州,"明天天气 %(maininfo)s 温度 %(temperature)s,叔叔阿姨们晚上好，最近天气闷热，叔叔阿姨们注意防暑降温哦，大家晚安",20:30
1,"百旅会下城区A3班",383,杭州,"明天天气 %(maininfo)s 温度 %(temperature)s,叔叔阿姨们晚上好，最近天气闷热，叔叔阿姨们注意防暑降温哦，大家晚安",20:30
1,"百旅会杭州A0班",383,杭州,"明天天气 %(maininfo)s 温度 %(temperature)s,叔叔阿姨们晚上好，最近天气闷热，叔叔阿姨们注意防暑降温哦，大家晚安",20:30
1,"百旅会杭州A1班",383,杭州,"明天天气 %(maininfo)s 温度 %(temperature)s,叔叔阿姨们晚上好，最近天气闷热，叔叔阿姨们注意防暑降温哦，大家晚安",20:30
1,"百旅会上城拱墅A3班",383,杭州,"明天天气 %(maininfo)s 温度 %(temperature)s,叔叔阿姨们晚上好，最近天气闷热，叔叔阿姨们注意防暑降温哦，大家晚安",20:30
1,"百旅歌舞兴趣A1班",383,杭州,"明天天气 %(maininfo)s 温度 %(temperature)s,叔叔阿姨们晚上好，最近天气闷热，叔叔阿姨们注意防暑降温哦，大家晚安",20:30
1,"百旅会上城拱墅A2班",383,杭州,"明天天气 %(maininfo)s 温度 %(temperature)s,叔叔阿姨们晚上好，最近天气闷热，叔叔阿姨们注意防暑降温哦，大家晚安",20:30
1,"百旅余杭区A1班",383,杭州,"明天天气 %(maininfo)s 温度 %(temperature)s,叔叔阿姨们晚上好，最近天气闷热，叔叔阿姨们注意防暑降温哦，大家晚安",20:30
1,"百旅会下城区A2班",383,杭州,"明天天气 %(maininfo)s 温度 %(temperature)s,叔叔阿姨们晚上好，最近天气闷热，叔叔阿姨们注意防暑降温哦，大家晚安",20:30
1,"百旅会下城区A1班",383,杭州,"明天天气 %(maininfo)s 温度 %(temperature)s,叔叔阿姨们晚上好，最近天气闷热，叔叔阿姨们注意防暑降温哦，大家晚安",20:30
1,"百旅会西湖A2班",383,杭州,"明天天气 %(maininfo)s 温度 %(temperature)s,叔叔阿姨们晚上好，最近天气闷热，叔叔阿姨们注意防暑降温哦，大家晚安",20:30
1,"百旅会上城拱墅A1班",383,杭州,"明天天气 %(maininfo)s 温度 %(temperature)s,叔叔阿姨们晚上好，最近天气闷热，叔叔阿姨们注意防暑降温哦，大家晚安",20:30
1,"百旅摄影兴趣A1班",383,杭州,"明天天气 %(maininfo)s 温度 %(temperature)s,叔叔阿姨们晚上好，最近天气闷热，叔叔阿姨们注意防暑降温哦，大家晚安",20:30
1,"百旅会西湖A1班",383,杭州,"明天天气 %(maininfo)s 温度 %(temperature)s,叔叔阿姨们晚上好，最近天气闷热，叔叔阿姨们注意防暑降温哦，大家晚安",20:30
1,"百旅会萧山A1班",383,杭州,"明天天气 %(maininfo)s 温度 %(temperature)s,叔叔阿姨们晚上好，最近天气闷热，叔叔阿姨们注意防暑降温哦，大家晚安",20:30
1,"百旅会萧山A2班",383,杭州,"明天天气 %(maininfo)s 温度 %(temperature)s,叔叔阿姨们晚上好，最近天气闷热，叔叔阿姨们注意防暑降温哦，大家晚安",20:30
1,"百旅会徐州A01班",230,徐州,"明天天气 %(maininfo)s 温度 %(temperature)s,叔叔阿姨们晚上好，最近天气闷热，叔叔阿姨们注意防暑降温哦，大家晚安",20:30
1,"百旅会宿迁A01班",227,宿迁,"明天天气 %(maininfo)s 温度 %(temperature)s,叔叔阿姨们晚上好，最近天气闷热，叔叔阿姨们注意防暑降温哦，大家晚安",20:30
1,"百旅会宿迁A02班",227,宿迁,"明天天气 %(maininfo)s 温度 %(temperature)s,叔叔阿姨们晚上好，最近天气闷热，叔叔阿姨们注意防暑降温哦，大家晚安",20:30
1,"百旅会宿迁A03班",227,宿迁,"明天天气 %(maininfo)s 温度 %(temperature)s,叔叔阿姨们晚上好，最近天气闷热，叔叔阿姨们注意防暑降温哦，大家晚安",20:30
1,"百旅会宿迁B01班",227,宿迁,"明天天气 %(maininfo)s 温度 %(temperature)s,叔叔阿姨们晚上好，最近天气闷热，叔叔阿姨们注意防暑降温哦，大家晚安",20:30
1,"百旅会枣庄A01班",298,枣庄,"明天天气 %(maininfo)s 温度 %(temperature)s,叔叔阿姨们晚上好，最近天气闷热，叔叔阿姨们注意防暑降温哦，大家晚安",20:30
1,"百旅会淮安A01班",222,淮安,"明天天气 %(maininfo)s 温度 %(temperature)s,叔叔阿姨们晚上好，最近天气闷热，叔叔阿姨们注意防暑降温哦，大家晚安",20:30
1,"百旅会淮安A02班",222,淮安,"明天天气 %(maininfo)s 温度 %(temperature)s,叔叔阿姨们晚上好，最近天气闷热，叔叔阿姨们注意防暑降温哦，大家晚安",20:30
1,"百旅会连云港A01班",223,连云港,"明天天气 %(maininfo)s 温度 %(temperature)s,叔叔阿姨们晚上好，最近天气闷热，叔叔阿姨们注意防暑降温哦，大家晚安",20:30
1,"百旅会济南大客户A05班",287,济南,"明天天气 %(maininfo)s 温度 %(temperature)s,叔叔阿姨们晚上好，最近天气闷热，叔叔阿姨们注意防暑降温哦，大家晚安",20:30
1,"百旅会济南大客户A06班",287,济南,"明天天气 %(maininfo)s 温度 %(temperature)s,叔叔阿姨们晚上好，最近天气闷热，叔叔阿姨们注意防暑降温哦，大家晚安",20:30
1,"百旅会济南大客户A07班",287,济南,"明天天气 %(maininfo)s 温度 %(temperature)s,叔叔阿姨们晚上好，最近天气闷热，叔叔阿姨们注意防暑降温哦，大家晚安",20:30
1,"百旅会泰安门店A01班",294,泰安,"明天天气 %(maininfo)s 温度 %(temperature)s,叔叔阿姨们晚上好，最近天气闷热，叔叔阿姨们注意防暑降温哦，大家晚安",20:30
1,"百旅会泰安门店A02班",294,泰安,"明天天气 %(maininfo)s 温度 %(temperature)s,叔叔阿姨们晚上好，最近天气闷热，叔叔阿姨们注意防暑降温哦，大家晚安",20:30
1,"百旅会淄博门店A01班",299,淄博,"明天天气 %(maininfo)s 温度 %(temperature)s,叔叔阿姨们晚上好，最近天气闷热，叔叔阿姨们注意防暑降温哦，大家晚安",20:30
1,"百旅会淄博门店A02班",299,淄博,"明天天气 %(maininfo)s 温度 %(temperature)s,叔叔阿姨们晚上好，最近天气闷热，叔叔阿姨们注意防暑降温哦，大家晚安",20:30
1,"百旅会济南万达门店A01班",287,济南,"明天天气 %(maininfo)s 温度 %(temperature)s,叔叔阿姨们晚上好，最近天气闷热，叔叔阿姨们注意防暑降温哦，大家晚安",20:30
1,"百旅会济南万达门店A02班",287,济南,"明天天气 %(maininfo)s 温度 %(temperature)s,叔叔阿姨们晚上好，最近天气闷热，叔叔阿姨们注意防暑降温哦，大家晚安",20:30
1,"百旅会济南高新门店A01班",287,济南,"明天天气 %(maininfo)s 温度 %(temperature)s,叔叔阿姨们晚上好，最近天气闷热，叔叔阿姨们注意防暑降温哦，大家晚安",20:30
1,"百旅会济南A01班",287,济南,"明天天气 %(maininfo)s 温度 %(temperature)s,叔叔阿姨们晚上好，最近天气闷热，叔叔阿姨们注意防暑降温哦，大家晚安",20:30
1,"百旅会济南A02班",287,济南,"明天天气 %(maininfo)s 温度 %(temperature)s,叔叔阿姨们晚上好，最近天气闷热，叔叔阿姨们注意防暑降温哦，大家晚安",20:30
1,"百旅会济南A03班",287,济南,"明天天气 %(maininfo)s 温度 %(temperature)s,叔叔阿姨们晚上好，最近天气闷热，叔叔阿姨们注意防暑降温哦，大家晚安",20:30
1,"百旅会济南A08班",287,济南,"明天天气 %(maininfo)s 温度 %(temperature)s,叔叔阿姨们晚上好，最近天气闷热，叔叔阿姨们注意防暑降温哦，大家晚安",20:30
1,"百旅会济南A09班",287,济南,"明天天气 %(maininfo)s 温度 %(temperature)s,叔叔阿姨们晚上好，最近天气闷热，叔叔阿姨们注意防暑降温哦，大家晚安",20:30
1,"百旅会济南A16班",287,济南,"明天天气 %(maininfo)s 温度 %(temperature)s,叔叔阿姨们晚上好，最近天气闷热，叔叔阿姨们注意防暑降温哦，大家晚安",20:30
1,"百旅会济南A17班",287,济南,"明天天气 %(maininfo)s 温度 %(temperature)s,叔叔阿姨们晚上好，最近天气闷热，叔叔阿姨们注意防暑降温哦，大家晚安",20:30
1,"百旅会聊城A01班",290,聊城,"明天天气 %(maininfo)s 温度 %(temperature)s,叔叔阿姨们晚上好，最近天气闷热，叔叔阿姨们注意防暑降温哦，大家晚安",20:30
1,"百旅会济南A10班",287,济南,"明天天气 %(maininfo)s 温度 %(temperature)s,叔叔阿姨们晚上好，最近天气闷热，叔叔阿姨们注意防暑降温哦，大家晚安",20:30
1,"百旅会济宁A01班",288,济宁,"明天天气 %(maininfo)s 温度 %(temperature)s,叔叔阿姨们晚上好，最近天气闷热，叔叔阿姨们注意防暑降温哦，大家晚安",20:30
1,"百旅会济宁A02班",288,济宁,"明天天气 %(maininfo)s 温度 %(temperature)s,叔叔阿姨们晚上好，最近天气闷热，叔叔阿姨们注意防暑降温哦，大家晚安",20:30
1,"百旅会青岛市区A01班",292,青岛,"明天天气 %(maininfo)s 温度 %(temperature)s,叔叔阿姨们晚上好，最近天气闷热，叔叔阿姨们注意防暑降温哦，大家晚安",20:30
1,"百旅会青岛市区A02班",292,青岛,"明天天气 %(maininfo)s 温度 %(temperature)s,叔叔阿姨们晚上好，最近天气闷热，叔叔阿姨们注意防暑降温哦，大家晚安",20:30
1,"百旅会青岛李沧区A03班",292,青岛,"明天天气 %(maininfo)s 温度 %(temperature)s,叔叔阿姨们晚上好，最近天气闷热，叔叔阿姨们注意防暑降温哦，大家晚安",20:30
1,"百旅会青岛市区A04班",292,青岛,"明天天气 %(maininfo)s 温度 %(temperature)s,叔叔阿姨们晚上好，最近天气闷热，叔叔阿姨们注意防暑降温哦，大家晚安",20:30
1,"百旅会青岛市区A06班",292,青岛,"明天天气 %(maininfo)s 温度 %(temperature)s,叔叔阿姨们晚上好，最近天气闷热，叔叔阿姨们注意防暑降温哦，大家晚安",20:30
1,"百旅会青岛市区A09班",292,青岛,"明天天气 %(maininfo)s 温度 %(temperature)s,叔叔阿姨们晚上好，最近天气闷热，叔叔阿姨们注意防暑降温哦，大家晚安",20:30
1,"百旅会青岛市区A11班",292,青岛,"明天天气 %(maininfo)s 温度 %(temperature)s,叔叔阿姨们晚上好，最近天气闷热，叔叔阿姨们注意防暑降温哦，大家晚安",20:30
1,"百旅会潍坊市A01班",296,潍坊,"明天天气 %(maininfo)s 温度 %(temperature)s,叔叔阿姨们晚上好，最近天气闷热，叔叔阿姨们注意防暑降温哦，大家晚安",20:30
1,"百旅会威海市A01班",295,威海,"明天天气 %(maininfo)s 温度 %(temperature)s,叔叔阿姨们晚上好，最近天气闷热，叔叔阿姨们注意防暑降温哦，大家晚安",20:30
1,"百旅会青岛市区A05班",292,青岛,"明天天气 %(maininfo)s 温度 %(temperature)s,叔叔阿姨们晚上好，最近天气闷热，叔叔阿姨们注意防暑降温哦，大家晚安",20:30
1,"百旅会青岛市区A07班",292,青岛,"明天天气 %(maininfo)s 温度 %(temperature)s,叔叔阿姨们晚上好，最近天气闷热，叔叔阿姨们注意防暑降温哦，大家晚安",20:30
1,"百旅会青岛李沧区A08班",292,青岛,"明天天气 %(maininfo)s 温度 %(temperature)s,叔叔阿姨们晚上好，最近天气闷热，叔叔阿姨们注意防暑降温哦，大家晚安",20:30
1,"百旅会青岛市区A10班",292,青岛,"明天天气 %(maininfo)s 温度 %(temperature)s,叔叔阿姨们晚上好，最近天气闷热，叔叔阿姨们注意防暑降温哦，大家晚安",20:30
1,"百旅会黄岛A01班",292,青岛,"明天天气 %(maininfo)s 温度 %(temperature)s,叔叔阿姨们晚上好，最近天气闷热，叔叔阿姨们注意防暑降温哦，大家晚安",20:30
1,"百旅会黄岛A02班",292,青岛,"明天天气 %(maininfo)s 温度 %(temperature)s,叔叔阿姨们晚上好，最近天气闷热，叔叔阿姨们注意防暑降温哦，大家晚安",20:30
1,"百旅会潍坊市A02班",295,潍坊,"明天天气 %(maininfo)s 温度 %(temperature)s,叔叔阿姨们晚上好，最近天气闷热，叔叔阿姨们注意防暑降温哦，大家晚安",20:30
1,"百旅会烟台市A01班",297,烟台,"明天天气 %(maininfo)s 温度 %(temperature)s,叔叔阿姨们晚上好，最近天气闷热，叔叔阿姨们注意防暑降温哦，大家晚安",20:30
1,"百旅会烟台市A02班",297,烟台,"明天天气 %(maininfo)s 温度 %(temperature)s,叔叔阿姨们晚上好，最近天气闷热，叔叔阿姨们注意防暑降温哦，大家晚安",20:30
1,"百旅会威海市A02班",295,威海,"明天天气 %(maininfo)s 温度 %(temperature)s,叔叔阿姨们晚上好，最近天气闷热，叔叔阿姨们注意防暑降温哦，大家晚安",20:30
1,"百旅会东营市A02班",285,东营,"明天天气 %(maininfo)s 温度 %(temperature)s,叔叔阿姨们晚上好，最近天气闷热，叔叔阿姨们注意防暑降温哦，大家晚安",20:30
1,"百旅会日照市A02班",293,日照,"明天天气 %(maininfo)s 温度 %(temperature)s,叔叔阿姨们晚上好，最近天气闷热，叔叔阿姨们注意防暑降温哦，大家晚安",20:30
1,"百旅会青岛市区A12班",292,青岛,"明天天气 %(maininfo)s 温度 %(temperature)s,叔叔阿姨们晚上好，最近天气闷热，叔叔阿姨们注意防暑降温哦，大家晚安",20:30
1,"山东青岛八大湖社区百旅会vip群",292,青岛,"明天天气 %(maininfo)s 温度 %(temperature)s,叔叔阿姨们晚上好，最近天气闷热，叔叔阿姨们注意防暑降温哦，大家晚安",20:30
1,"青岛百旅会好姐妹艺术团",292,青岛,"明天天气 %(maininfo)s 温度 %(temperature)s,叔叔阿姨们晚上好，最近天气闷热，叔叔阿姨们注意防暑降温哦，大家晚安",20:30
1,"汉口路社区百旅会vip服务群",292,青岛,"明天天气 %(maininfo)s 温度 %(temperature)s,叔叔阿姨们晚上好，最近天气闷热，叔叔阿姨们注意防暑降温哦，大家晚安",20:30
1,"同兴爱乐合唱团专属vip服务群",292,青岛,"明天天气 %(maininfo)s 温度 %(temperature)s,叔叔阿姨们晚上好，最近天气闷热，叔叔阿姨们注意防暑降温哦，大家晚安",20:30
1,"青岛百旅会温馨服务群",292,青岛,"明天天气 %(maininfo)s 温度 %(temperature)s,叔叔阿姨们晚上好，最近天气闷热，叔叔阿姨们注意防暑降温哦，大家晚安",20:30
1,"百旅会青岛市区A15班",292,青岛,"明天天气 %(maininfo)s 温度 %(temperature)s,叔叔阿姨们晚上好，最近天气闷热，叔叔阿姨们注意防暑降温哦，大家晚安",20:30
1,"百旅会青岛李沧区A16班",292,青岛,"明天天气 %(maininfo)s 温度 %(temperature)s,叔叔阿姨们晚上好，最近天气闷热，叔叔阿姨们注意防暑降温哦，大家晚安",20:30
1,"市里同程旅游姐妹群分公司",292,青岛,"明天天气 %(maininfo)s 温度 %(temperature)s,叔叔阿姨们晚上好，最近天气闷热，叔叔阿姨们注意防暑降温哦，大家晚安",20:30
1,"百旅会温州瑞安 A01 班",391,温州,"明天天气 %(maininfo)s 温度 %(temperature)s,叔叔阿姨们晚上好，最近天气闷热，叔叔阿姨们注意防暑降温哦，大家晚安",20:30
1,"百旅会温州A01班",391,温州,"明天天气 %(maininfo)s 温度 %(temperature)s,叔叔阿姨们晚上好，最近天气闷热，叔叔阿姨们注意防暑降温哦，大家晚安",20:30
1,"百旅会温州乐清市A01班",391,温州,"明天天气 %(maininfo)s 温度 %(temperature)s,叔叔阿姨们晚上好，最近天气闷热，叔叔阿姨们注意防暑降温哦，大家晚安",20:30
1,"百旅会温州A03班",391,温州,"明天天气 %(maininfo)s 温度 %(temperature)s,叔叔阿姨们晚上好，最近天气闷热，叔叔阿姨们注意防暑降温哦，大家晚安",20:30
1,"百旅会温州A06班",391,温州,"明天天气 %(maininfo)s 温度 %(temperature)s,叔叔阿姨们晚上好，最近天气闷热，叔叔阿姨们注意防暑降温哦，大家晚安",20:30
1,"百旅会温州A05班",391,温州,"明天天气 %(maininfo)s 温度 %(temperature)s,叔叔阿姨们晚上好，最近天气闷热，叔叔阿姨们注意防暑降温哦，大家晚安",20:30
1,"百旅会台州椒黄路临天A01班",391,温州,"明天天气 %(maininfo)s 温度 %(temperature)s,叔叔阿姨们晚上好，最近天气闷热，叔叔阿姨们注意防暑降温哦，大家晚安",20:30
1,"百旅会台州玉环A01班",391,温州,"明天天气 %(maininfo)s 温度 %(temperature)s,叔叔阿姨们晚上好，最近天气闷热，叔叔阿姨们注意防暑降温哦，大家晚安",20:30
1,"百旅会台州温岭A01班",391,温州,"明天天气 %(maininfo)s 温度 %(temperature)s,叔叔阿姨们晚上好，最近天气闷热，叔叔阿姨们注意防暑降温哦，大家晚安",20:30
1,"百旅会台州温岭A02班",391,温州,"明天天气 %(maininfo)s 温度 %(temperature)s,叔叔阿姨们晚上好，最近天气闷热，叔叔阿姨们注意防暑降温哦，大家晚安",20:30
1,"百旅会台州市A01班",391,温州,"明天天气 %(maininfo)s 温度 %(temperature)s,叔叔阿姨们晚上好，最近天气闷热，叔叔阿姨们注意防暑降温哦，大家晚安",20:30
1,"百旅会温州市A02班",391,温州,"明天天气 %(maininfo)s 温度 %(temperature)s,叔叔阿姨们晚上好，最近天气闷热，叔叔阿姨们注意防暑降温哦，大家晚安",20:30
1,"百旅会丽水市A01班",391,温州,"明天天气 %(maininfo)s 温度 %(temperature)s,叔叔阿姨们晚上好，最近天气闷热，叔叔阿姨们注意防暑降温哦，大家晚安",20:30
1,"百旅会杭州A0班",383,杭州,"明天天气 %(maininfo)s 温度 %(temperature)s,叔叔阿姨们晚上好，最近天气闷热，叔叔阿姨们注意防暑降温哦，大家晚安",20:30
1,"百旅会杭州A1班",383,杭州,"明天天气 %(maininfo)s 温度 %(temperature)s,叔叔阿姨们晚上好，最近天气闷热，叔叔阿姨们注意防暑降温哦，大家晚安",20:30
1,"百旅会杭州A2班",383,杭州,"明天天气 %(maininfo)s 温度 %(temperature)s,叔叔阿姨们晚上好，最近天气闷热，叔叔阿姨们注意防暑降温哦，大家晚安",20:30
1,"百旅会杭州A3班",383,杭州,"明天天气 %(maininfo)s 温度 %(temperature)s,叔叔阿姨们晚上好，最近天气闷热，叔叔阿姨们注意防暑降温哦，大家晚安",20:30
1,"百旅会下城区A1班",383,杭州,"明天天气 %(maininfo)s 温度 %(temperature)s,叔叔阿姨们晚上好，最近天气闷热，叔叔阿姨们注意防暑降温哦，大家晚安",20:30
1,"百旅会下城区A2班",383,杭州,"明天天气 %(maininfo)s 温度 %(temperature)s,叔叔阿姨们晚上好，最近天气闷热，叔叔阿姨们注意防暑降温哦，大家晚安",20:30
1,"百旅会下城区A3班",383,杭州,"明天天气 %(maininfo)s 温度 %(temperature)s,叔叔阿姨们晚上好，最近天气闷热，叔叔阿姨们注意防暑降温哦，大家晚安",20:30
1,"百旅会上城拱墅A1班",383,杭州,"明天天气 %(maininfo)s 温度 %(temperature)s,叔叔阿姨们晚上好，最近天气闷热，叔叔阿姨们注意防暑降温哦，大家晚安",20:30
1,"百旅会上城拱墅A2班",383,杭州,"明天天气 %(maininfo)s 温度 %(temperature)s,叔叔阿姨们晚上好，最近天气闷热，叔叔阿姨们注意防暑降温哦，大家晚安",20:30
1,"百旅会上城拱墅A3班",383,杭州,"明天天气 %(maininfo)s 温度 %(temperature)s,叔叔阿姨们晚上好，最近天气闷热，叔叔阿姨们注意防暑降温哦，大家晚安",20:30
1,"百旅会萧山区A1班",383,杭州,"明天天气 %(maininfo)s 温度 %(temperature)s,叔叔阿姨们晚上好，最近天气闷热，叔叔阿姨们注意防暑降温哦，大家晚安",20:30
1,"百旅会萧山区A2班",383,杭州,"明天天气 %(maininfo)s 温度 %(temperature)s,叔叔阿姨们晚上好，最近天气闷热，叔叔阿姨们注意防暑降温哦，大家晚安",20:30
1,"百旅会萧山区A2班",383,杭州,"明天天气 %(maininfo)s 温度 %(temperature)s,叔叔阿姨们晚上好，最近天气闷热，叔叔阿姨们注意防暑降温哦，大家晚安",20:30
1,"百旅会西湖区A1班",383,杭州,"明天天气 %(maininfo)s 温度 %(temperature)s,叔叔阿姨们晚上好，最近天气闷热，叔叔阿姨们注意防暑降温哦，大家晚安",20:30
1,"百旅会西湖区A2班",383,杭州,"明天天气 %(maininfo)s 温度 %(temperature)s,叔叔阿姨们晚上好，最近天气闷热，叔叔阿姨们注意防暑降温哦，大家晚安",20:30
1,"百旅会歌舞兴趣A1班",383,杭州,"明天天气 %(maininfo)s 温度 %(temperature)s,叔叔阿姨们晚上好，最近天气闷热，叔叔阿姨们注意防暑降温哦，大家晚安",20:30
1,"百旅会摄影兴趣A1班",383,杭州,"明天天气 %(maininfo)s 温度 %(temperature)s,叔叔阿姨们晚上好，最近天气闷热，叔叔阿姨们注意防暑降温哦，大家晚安",20:30
1,"百旅会余杭区A1班",383,杭州,"明天天气 %(maininfo)s 温度 %(temperature)s,叔叔阿姨们晚上好，最近天气闷热，叔叔阿姨们注意防暑降温哦，大家晚安",20:30
1,"百旅会衢州A1班",393,衢州,"明天天气 %(maininfo)s 温度 %(temperature)s,叔叔阿姨们晚上好，最近天气闷热，叔叔阿姨们注意防暑降温哦，大家晚安",20:30
1,"百旅会宁波A01班",388,宁波,"明天天气 %(maininfo)s 温度 %(temperature)s,叔叔阿姨们晚上好，最近天气闷热，叔叔阿姨们注意防暑降温哦，大家晚安",20:30
1,"百旅会宁波A02班",388,宁波,"明天天气 %(maininfo)s 温度 %(temperature)s,叔叔阿姨们晚上好，最近天气闷热，叔叔阿姨们注意防暑降温哦，大家晚安",20:30
1,"百旅会宁波A02班",388,宁波,"明天天气 %(maininfo)s 温度 %(temperature)s,叔叔阿姨们晚上好，最近天气闷热，叔叔阿姨们注意防暑降温哦，大家晚安",20:30
1,"百旅会宁波A03班",388,宁波,"明天天气 %(maininfo)s 温度 %(temperature)s,叔叔阿姨们晚上好，最近天气闷热，叔叔阿姨们注意防暑降温哦，大家晚安",20:30
1,"百旅会宁波A05班",388,宁波,"明天天气 %(maininfo)s 温度 %(temperature)s,叔叔阿姨们晚上好，最近天气闷热，叔叔阿姨们注意防暑降温哦，大家晚安",20:30
1,"百旅会宁波A06班",388,宁波,"明天天气 %(maininfo)s 温度 %(temperature)s,叔叔阿姨们晚上好，最近天气闷热，叔叔阿姨们注意防暑降温哦，大家晚安",20:30
1,"百旅会宁波慈溪A01班",388,宁波,"明天天气 %(maininfo)s 温度 %(temperature)s,叔叔阿姨们晚上好，最近天气闷热，叔叔阿姨们注意防暑降温哦，大家晚安",20:30
1,"百旅会宁波慈溪A02班",388,宁波,"明天天气 %(maininfo)s 温度 %(temperature)s,叔叔阿姨们晚上好，最近天气闷热，叔叔阿姨们注意防暑降温哦，大家晚安",20:30
1,"百旅会宁波海曙A01班",388,宁波,"明天天气 %(maininfo)s 温度 %(temperature)s,叔叔阿姨们晚上好，最近天气闷热，叔叔阿姨们注意防暑降温哦，大家晚安",20:30
1,"百旅会宁波海曙A02班",388,宁波,"明天天气 %(maininfo)s 温度 %(temperature)s,叔叔阿姨们晚上好，最近天气闷热，叔叔阿姨们注意防暑降温哦，大家晚安",20:30
1,"百旅会宁波海曙A03班",388,宁波,"明天天气 %(maininfo)s 温度 %(temperature)s,叔叔阿姨们晚上好，最近天气闷热，叔叔阿姨们注意防暑降温哦，大家晚安",20:30
1,"百旅会宁波海曙A05班",388,宁波,"明天天气 %(maininfo)s 温度 %(temperature)s,叔叔阿姨们晚上好，最近天气闷热，叔叔阿姨们注意防暑降温哦，大家晚安",20:30
1,"百旅会宁波海曙A06班",388,宁波,"明天天气 %(maininfo)s 温度 %(temperature)s,叔叔阿姨们晚上好，最近天气闷热，叔叔阿姨们注意防暑降温哦，大家晚安",20:30
1,"百旅会宁波海曙A07班",388,宁波,"明天天气 %(maininfo)s 温度 %(temperature)s,叔叔阿姨们晚上好，最近天气闷热，叔叔阿姨们注意防暑降温哦，大家晚安",20:30
1,"百旅会宁波海曙A08班",388,宁波,"明天天气 %(maininfo)s 温度 %(temperature)s,叔叔阿姨们晚上好，最近天气闷热，叔叔阿姨们注意防暑降温哦，大家晚安",20:30
1,"百旅会宁波海曙A09班",388,宁波,"明天天气 %(maininfo)s 温度 %(temperature)s,叔叔阿姨们晚上好，最近天气闷热，叔叔阿姨们注意防暑降温哦，大家晚安",20:30
1,"百旅会宁波海曙A10班",388,宁波,"明天天气 %(maininfo)s 温度 %(temperature)s,叔叔阿姨们晚上好，最近天气闷热，叔叔阿姨们注意防暑降温哦，大家晚安",20:30
1,"百旅会宁波江北A01班",388,宁波,"明天天气 %(maininfo)s 温度 %(temperature)s,叔叔阿姨们晚上好，最近天气闷热，叔叔阿姨们注意防暑降温哦，大家晚安",20:30
1,"百旅会宁波江北A02班",388,宁波,"明天天气 %(maininfo)s 温度 %(temperature)s,叔叔阿姨们晚上好，最近天气闷热，叔叔阿姨们注意防暑降温哦，大家晚安",20:30
1,"百旅会宁波江北A03班",388,宁波,"明天天气 %(maininfo)s 温度 %(temperature)s,叔叔阿姨们晚上好，最近天气闷热，叔叔阿姨们注意防暑降温哦，大家晚安",20:30
1,"百旅会宁波江北A05班",388,宁波,"明天天气 %(maininfo)s 温度 %(temperature)s,叔叔阿姨们晚上好，最近天气闷热，叔叔阿姨们注意防暑降温哦，大家晚安",20:30
1,"百旅会宁波江北A06班",388,宁波,"明天天气 %(maininfo)s 温度 %(temperature)s,叔叔阿姨们晚上好，最近天气闷热，叔叔阿姨们注意防暑降温哦，大家晚安",20:30
1,"百旅会宁波江东A01班",388,宁波,"明天天气 %(maininfo)s 温度 %(temperature)s,叔叔阿姨们晚上好，最近天气闷热，叔叔阿姨们注意防暑降温哦，大家晚安",20:30
1,"百旅会宁波江东A02班",388,宁波,"明天天气 %(maininfo)s 温度 %(temperature)s,叔叔阿姨们晚上好，最近天气闷热，叔叔阿姨们注意防暑降温哦，大家晚安",20:30
1,"百旅会宁波江东A03班",388,宁波,"明天天气 %(maininfo)s 温度 %(temperature)s,叔叔阿姨们晚上好，最近天气闷热，叔叔阿姨们注意防暑降温哦，大家晚安",20:30
1,"百旅会宁波江东A05班",388,宁波,"明天天气 %(maininfo)s 温度 %(temperature)s,叔叔阿姨们晚上好，最近天气闷热，叔叔阿姨们注意防暑降温哦，大家晚安",20:30
1,"百旅会宁波江东A06班",388,宁波,"明天天气 %(maininfo)s 温度 %(temperature)s,叔叔阿姨们晚上好，最近天气闷热，叔叔阿姨们注意防暑降温哦，大家晚安",20:30
1,"百旅会宁波江东A07班",388,宁波,"明天天气 %(maininfo)s 温度 %(temperature)s,叔叔阿姨们晚上好，最近天气闷热，叔叔阿姨们注意防暑降温哦，大家晚安",20:30
1,"百旅会宁波江东A08班",388,宁波,"明天天气 %(maininfo)s 温度 %(temperature)s,叔叔阿姨们晚上好，最近天气闷热，叔叔阿姨们注意防暑降温哦，大家晚安",20:30
1,"百旅会宁波鄞州A01班",388,宁波,"明天天气 %(maininfo)s 温度 %(temperature)s,叔叔阿姨们晚上好，最近天气闷热，叔叔阿姨们注意防暑降温哦，大家晚安",20:30
1,"百旅会宁波鄞州A02班",388,宁波,"明天天气 %(maininfo)s 温度 %(temperature)s,叔叔阿姨们晚上好，最近天气闷热，叔叔阿姨们注意防暑降温哦，大家晚安",20:30
1,"百旅会宁波鄞州A03班",388,宁波,"明天天气 %(maininfo)s 温度 %(temperature)s,叔叔阿姨们晚上好，最近天气闷热，叔叔阿姨们注意防暑降温哦，大家晚安",20:30
1,"百旅会宁波鄞州A05班",388,宁波,"明天天气 %(maininfo)s 温度 %(temperature)s,叔叔阿姨们晚上好，最近天气闷热，叔叔阿姨们注意防暑降温哦，大家晚安",20:30
1,"百旅会宁波鄞州A06班",388,宁波,"明天天气 %(maininfo)s 温度 %(temperature)s,叔叔阿姨们晚上好，最近天气闷热，叔叔阿姨们注意防暑降温哦，大家晚安",20:30
1,"百旅会宁波鄞州A07班",388,宁波,"明天天气 %(maininfo)s 温度 %(temperature)s,叔叔阿姨们晚上好，最近天气闷热，叔叔阿姨们注意防暑降温哦，大家晚安",20:30
1,"百旅会宁波鄞州A08班",388,宁波,"明天天气 %(maininfo)s 温度 %(temperature)s,叔叔阿姨们晚上好，最近天气闷热，叔叔阿姨们注意防暑降温哦，大家晚安",20:30
1,"百旅会宁波鄞州A09班",388,宁波,"明天天气 %(maininfo)s 温度 %(temperature)s,叔叔阿姨们晚上好，最近天气闷热，叔叔阿姨们注意防暑降温哦，大家晚安",20:30
1,"百旅会宁波鄞州A10班",388,宁波,"明天天气 %(maininfo)s 温度 %(temperature)s,叔叔阿姨们晚上好，最近天气闷热，叔叔阿姨们注意防暑降温哦，大家晚安",20:30
1,"百旅会宁波余姚A01班",388,宁波,"明天天气 %(maininfo)s 温度 %(temperature)s,叔叔阿姨们晚上好，最近天气闷热，叔叔阿姨们注意防暑降温哦，大家晚安",20:30
1,"百旅会宁波余姚A02班",388,宁波,"明天天气 %(maininfo)s 温度 %(temperature)s,叔叔阿姨们晚上好，最近天气闷热，叔叔阿姨们注意防暑降温哦，大家晚安",20:30
1,"百旅会南京城西50班",244,南京,"明天天气 %(maininfo)s 温度 %(temperature)s,叔叔阿姨们晚上好，最近天气闷热，叔叔阿姨们注意防暑降温哦，大家晚安",20:30
1,"百旅会南京城西51班",244,南京,"明天天气 %(maininfo)s 温度 %(temperature)s,叔叔阿姨们晚上好，最近天气闷热，叔叔阿姨们注意防暑降温哦，大家晚安",20:30
1,"百旅会南京52班",244,南京,"明天天气 %(maininfo)s 温度 %(temperature)s,叔叔阿姨们晚上好，最近天气闷热，叔叔阿姨们注意防暑降温哦，大家晚安",20:30
1,"百旅会南京城西A53班",244,南京,"明天天气 %(maininfo)s 温度 %(temperature)s,叔叔阿姨们晚上好，最近天气闷热，叔叔阿姨们注意防暑降温哦，大家晚安",20:30
1,"百旅会南京城西A05班",244,南京,"明天天气 %(maininfo)s 温度 %(temperature)s,叔叔阿姨们晚上好，最近天气闷热，叔叔阿姨们注意防暑降温哦，大家晚安",20:30
1,"百旅会南京城西A06班",244,南京,"明天天气 %(maininfo)s 温度 %(temperature)s,叔叔阿姨们晚上好，最近天气闷热，叔叔阿姨们注意防暑降温哦，大家晚安",20:30
1,"百旅会南京城西A10班",244,南京,"明天天气 %(maininfo)s 温度 %(temperature)s,叔叔阿姨们晚上好，最近天气闷热，叔叔阿姨们注意防暑降温哦，大家晚安",20:30
1," 南京百旅会白金/铂金VIP社群",244,南京,"明天天气 %(maininfo)s 温度 %(temperature)s,叔叔阿姨们晚上好，最近天气闷热，叔叔阿姨们注意防暑降温哦，大家晚安",20:30
